month,regression_baseline,adaptive_expectations,past_precipitation_control,current_precipitation_control,temperature_precipitation_control
1-Jan-39,NaN,NaN,NaN,NaN,NaN
1-Feb-39,NaN,NaN,NaN,NaN,NaN
1-Mar-39,NaN,NaN,NaN,NaN,NaN
1-Apr-39,NaN,NaN,NaN,NaN,NaN
1-May-39,NaN,NaN,NaN,NaN,NaN
1-Jun-39,NaN,NaN,NaN,NaN,NaN
1-Jul-39,NaN,NaN,NaN,NaN,NaN
1-Aug-39,NaN,NaN,NaN,NaN,NaN
1-Sep-39,NaN,NaN,NaN,NaN,NaN
1-Oct-39,NaN,NaN,NaN,NaN,NaN
1-Nov-39,NaN,NaN,NaN,NaN,NaN
1-Dec-39,NaN,NaN,NaN,NaN,NaN
1-Jan-40,NaN,NaN,NaN,NaN,NaN
1-Feb-40,NaN,NaN,NaN,NaN,NaN
1-Mar-40,NaN,NaN,NaN,NaN,NaN
1-Apr-40,NaN,NaN,NaN,NaN,NaN
1-May-40,NaN,NaN,NaN,NaN,NaN
1-Jun-40,NaN,NaN,NaN,NaN,NaN
1-Jul-40,NaN,NaN,NaN,NaN,NaN
1-Aug-40,NaN,NaN,NaN,NaN,NaN
1-Sep-40,NaN,NaN,NaN,NaN,NaN
1-Oct-40,NaN,NaN,NaN,NaN,NaN
1-Nov-40,NaN,NaN,NaN,NaN,NaN
1-Dec-40,NaN,NaN,NaN,NaN,NaN
1-Jan-41,NaN,NaN,NaN,NaN,NaN
1-Feb-41,NaN,NaN,NaN,NaN,NaN
1-Mar-41,NaN,NaN,NaN,NaN,NaN
1-Apr-41,NaN,NaN,NaN,NaN,NaN
1-May-41,NaN,NaN,NaN,NaN,NaN
1-Jun-41,NaN,NaN,NaN,NaN,NaN
1-Jul-41,NaN,NaN,NaN,NaN,NaN
1-Aug-41,NaN,NaN,NaN,NaN,NaN
1-Sep-41,NaN,NaN,NaN,NaN,NaN
1-Oct-41,NaN,NaN,NaN,NaN,NaN
1-Nov-41,NaN,NaN,NaN,NaN,NaN
1-Dec-41,NaN,NaN,NaN,NaN,NaN
1-Jan-42,NaN,NaN,NaN,NaN,NaN
1-Feb-42,NaN,NaN,NaN,NaN,NaN
1-Mar-42,NaN,NaN,NaN,NaN,NaN
1-Apr-42,NaN,NaN,NaN,NaN,NaN
1-May-42,NaN,NaN,NaN,NaN,NaN
1-Jun-42,NaN,NaN,NaN,NaN,NaN
1-Jul-42,NaN,NaN,NaN,NaN,NaN
1-Aug-42,NaN,NaN,NaN,NaN,NaN
1-Sep-42,NaN,NaN,NaN,NaN,NaN
1-Oct-42,NaN,NaN,NaN,NaN,NaN
1-Nov-42,NaN,NaN,NaN,NaN,NaN
1-Dec-42,NaN,NaN,NaN,NaN,NaN
1-Jan-43,NaN,NaN,NaN,NaN,NaN
1-Feb-43,NaN,NaN,NaN,NaN,NaN
1-Mar-43,NaN,NaN,NaN,NaN,NaN
1-Apr-43,NaN,NaN,NaN,NaN,NaN
1-May-43,NaN,NaN,NaN,NaN,NaN
1-Jun-43,NaN,NaN,NaN,NaN,NaN
1-Jul-43,NaN,NaN,NaN,NaN,NaN
1-Aug-43,NaN,NaN,NaN,NaN,NaN
1-Sep-43,NaN,NaN,NaN,NaN,NaN
1-Oct-43,NaN,NaN,NaN,NaN,NaN
1-Nov-43,NaN,NaN,NaN,NaN,NaN
1-Dec-43,NaN,NaN,NaN,NaN,NaN
1-Jan-44,NaN,NaN,NaN,NaN,NaN
1-Feb-44,NaN,NaN,NaN,NaN,NaN
1-Mar-44,NaN,NaN,NaN,NaN,NaN
1-Apr-44,NaN,NaN,NaN,NaN,NaN
1-May-44,NaN,NaN,NaN,NaN,NaN
1-Jun-44,NaN,NaN,NaN,NaN,NaN
1-Jul-44,NaN,NaN,NaN,NaN,NaN
1-Aug-44,NaN,NaN,NaN,NaN,NaN
1-Sep-44,NaN,NaN,NaN,NaN,NaN
1-Oct-44,NaN,NaN,NaN,NaN,NaN
1-Nov-44,NaN,NaN,NaN,NaN,NaN
1-Dec-44,NaN,NaN,NaN,NaN,NaN
1-Jan-45,NaN,NaN,NaN,NaN,NaN
1-Feb-45,NaN,NaN,NaN,NaN,NaN
1-Mar-45,NaN,NaN,NaN,NaN,NaN
1-Apr-45,NaN,NaN,NaN,NaN,NaN
1-May-45,NaN,NaN,NaN,NaN,NaN
1-Jun-45,NaN,NaN,NaN,NaN,NaN
1-Jul-45,NaN,NaN,NaN,NaN,NaN
1-Aug-45,NaN,NaN,NaN,NaN,NaN
1-Sep-45,NaN,NaN,NaN,NaN,NaN
1-Oct-45,NaN,NaN,NaN,NaN,NaN
1-Nov-45,NaN,NaN,NaN,NaN,NaN
1-Dec-45,NaN,NaN,NaN,NaN,NaN
1-Jan-46,NaN,NaN,NaN,NaN,NaN
1-Feb-46,NaN,NaN,NaN,NaN,NaN
1-Mar-46,NaN,NaN,NaN,NaN,NaN
1-Apr-46,NaN,NaN,NaN,NaN,NaN
1-May-46,NaN,NaN,NaN,NaN,NaN
1-Jun-46,NaN,NaN,NaN,NaN,NaN
1-Jul-46,NaN,NaN,NaN,NaN,NaN
1-Aug-46,NaN,NaN,NaN,NaN,NaN
1-Sep-46,NaN,NaN,NaN,NaN,NaN
1-Oct-46,NaN,NaN,NaN,NaN,NaN
1-Nov-46,NaN,NaN,NaN,NaN,NaN
1-Dec-46,NaN,NaN,NaN,NaN,NaN
1-Jan-47,NaN,NaN,NaN,NaN,NaN
1-Feb-47,NaN,NaN,NaN,NaN,NaN
1-Mar-47,NaN,NaN,NaN,NaN,NaN
1-Apr-47,NaN,NaN,NaN,NaN,NaN
1-May-47,NaN,NaN,NaN,NaN,NaN
1-Jun-47,NaN,NaN,NaN,NaN,NaN
1-Jul-47,NaN,NaN,NaN,NaN,NaN
1-Aug-47,NaN,NaN,NaN,NaN,NaN
1-Sep-47,NaN,NaN,NaN,NaN,NaN
1-Oct-47,NaN,NaN,NaN,NaN,NaN
1-Nov-47,NaN,NaN,NaN,NaN,NaN
1-Dec-47,NaN,NaN,NaN,NaN,NaN
1-Jan-48,NaN,NaN,NaN,NaN,NaN
1-Feb-48,NaN,NaN,NaN,NaN,NaN
1-Mar-48,NaN,NaN,NaN,NaN,NaN
1-Apr-48,NaN,NaN,NaN,NaN,NaN
1-May-48,NaN,NaN,NaN,NaN,NaN
1-Jun-48,NaN,NaN,NaN,NaN,NaN
1-Jul-48,NaN,NaN,NaN,NaN,NaN
1-Aug-48,NaN,NaN,NaN,NaN,NaN
1-Sep-48,NaN,NaN,NaN,NaN,NaN
1-Oct-48,NaN,NaN,NaN,NaN,NaN
1-Nov-48,NaN,NaN,NaN,NaN,NaN
1-Dec-48,NaN,NaN,NaN,NaN,NaN
1-Jan-49,NaN,NaN,NaN,NaN,NaN
1-Feb-49,NaN,NaN,NaN,NaN,NaN
1-Mar-49,NaN,NaN,NaN,NaN,NaN
1-Apr-49,NaN,NaN,NaN,NaN,NaN
1-May-49,NaN,NaN,NaN,NaN,NaN
1-Jun-49,NaN,NaN,NaN,NaN,NaN
1-Jul-49,NaN,NaN,NaN,NaN,NaN
1-Aug-49,NaN,NaN,NaN,NaN,NaN
1-Sep-49,NaN,NaN,NaN,NaN,NaN
1-Oct-49,NaN,NaN,NaN,NaN,NaN
1-Nov-49,NaN,NaN,NaN,NaN,NaN
1-Dec-49,NaN,NaN,NaN,NaN,NaN
1-Jan-50,NaN,NaN,NaN,NaN,NaN
1-Feb-50,NaN,NaN,NaN,NaN,NaN
1-Mar-50,NaN,NaN,NaN,NaN,NaN
1-Apr-50,NaN,NaN,NaN,NaN,NaN
1-May-50,NaN,NaN,NaN,NaN,NaN
1-Jun-50,NaN,NaN,NaN,NaN,NaN
1-Jul-50,NaN,NaN,NaN,NaN,NaN
1-Aug-50,NaN,NaN,NaN,NaN,NaN
1-Sep-50,NaN,NaN,NaN,NaN,NaN
1-Oct-50,NaN,NaN,NaN,NaN,NaN
1-Nov-50,NaN,NaN,NaN,NaN,NaN
1-Dec-50,NaN,NaN,NaN,NaN,NaN
1-Jan-51,NaN,NaN,NaN,NaN,NaN
1-Feb-51,NaN,NaN,NaN,NaN,NaN
1-Mar-51,NaN,NaN,NaN,NaN,NaN
1-Apr-51,NaN,NaN,NaN,NaN,NaN
1-May-51,NaN,NaN,NaN,NaN,NaN
1-Jun-51,NaN,NaN,NaN,NaN,NaN
1-Jul-51,NaN,NaN,NaN,NaN,NaN
1-Aug-51,NaN,NaN,NaN,NaN,NaN
1-Sep-51,NaN,NaN,NaN,NaN,NaN
1-Oct-51,NaN,NaN,NaN,NaN,NaN
1-Nov-51,NaN,NaN,NaN,NaN,NaN
1-Dec-51,NaN,NaN,NaN,NaN,NaN
1-Jan-52,NaN,NaN,NaN,NaN,NaN
1-Feb-52,NaN,NaN,NaN,NaN,NaN
1-Mar-52,NaN,NaN,NaN,NaN,NaN
1-Apr-52,NaN,NaN,NaN,NaN,NaN
1-May-52,NaN,NaN,NaN,NaN,NaN
1-Jun-52,NaN,NaN,NaN,NaN,NaN
1-Jul-52,NaN,NaN,NaN,NaN,NaN
1-Aug-52,NaN,NaN,NaN,NaN,NaN
1-Sep-52,NaN,NaN,NaN,NaN,NaN
1-Oct-52,NaN,NaN,NaN,NaN,NaN
1-Nov-52,NaN,NaN,NaN,NaN,NaN
1-Dec-52,NaN,NaN,NaN,NaN,NaN
1-Jan-53,NaN,NaN,NaN,NaN,NaN
1-Feb-53,NaN,NaN,NaN,NaN,NaN
1-Mar-53,NaN,NaN,NaN,NaN,NaN
1-Apr-53,NaN,NaN,NaN,NaN,NaN
1-May-53,NaN,NaN,NaN,NaN,NaN
1-Jun-53,NaN,NaN,NaN,NaN,NaN
1-Jul-53,NaN,NaN,NaN,NaN,NaN
1-Aug-53,NaN,NaN,NaN,NaN,NaN
1-Sep-53,NaN,NaN,NaN,NaN,NaN
1-Oct-53,NaN,NaN,NaN,NaN,NaN
1-Nov-53,NaN,NaN,NaN,NaN,NaN
1-Dec-53,NaN,NaN,NaN,NaN,NaN
1-Jan-54,NaN,NaN,NaN,NaN,NaN
1-Feb-54,NaN,NaN,NaN,NaN,NaN
1-Mar-54,NaN,NaN,NaN,NaN,NaN
1-Apr-54,NaN,NaN,NaN,NaN,NaN
1-May-54,NaN,NaN,NaN,NaN,NaN
1-Jun-54,NaN,NaN,NaN,NaN,NaN
1-Jul-54,NaN,NaN,NaN,NaN,NaN
1-Aug-54,NaN,NaN,NaN,NaN,NaN
1-Sep-54,NaN,NaN,NaN,NaN,NaN
1-Oct-54,NaN,NaN,NaN,NaN,NaN
1-Nov-54,NaN,NaN,NaN,NaN,NaN
1-Dec-54,NaN,NaN,NaN,NaN,NaN
1-Jan-55,NaN,NaN,NaN,NaN,NaN
1-Feb-55,NaN,NaN,NaN,NaN,NaN
1-Mar-55,NaN,NaN,NaN,NaN,NaN
1-Apr-55,NaN,NaN,NaN,NaN,NaN
1-May-55,NaN,NaN,NaN,NaN,NaN
1-Jun-55,NaN,NaN,NaN,NaN,NaN
1-Jul-55,NaN,NaN,NaN,NaN,NaN
1-Aug-55,NaN,NaN,NaN,NaN,NaN
1-Sep-55,NaN,NaN,NaN,NaN,NaN
1-Oct-55,NaN,NaN,NaN,NaN,NaN
1-Nov-55,NaN,NaN,NaN,NaN,NaN
1-Dec-55,NaN,NaN,NaN,NaN,NaN
1-Jan-56,NaN,NaN,NaN,NaN,NaN
1-Feb-56,NaN,NaN,NaN,NaN,NaN
1-Mar-56,NaN,NaN,NaN,NaN,NaN
1-Apr-56,NaN,NaN,NaN,NaN,NaN
1-May-56,NaN,NaN,NaN,NaN,NaN
1-Jun-56,NaN,NaN,NaN,NaN,NaN
1-Jul-56,NaN,NaN,NaN,NaN,NaN
1-Aug-56,NaN,NaN,NaN,NaN,NaN
1-Sep-56,NaN,NaN,NaN,NaN,NaN
1-Oct-56,NaN,NaN,NaN,NaN,NaN
1-Nov-56,NaN,NaN,NaN,NaN,NaN
1-Dec-56,NaN,NaN,NaN,NaN,NaN
1-Jan-57,NaN,NaN,NaN,NaN,NaN
1-Feb-57,NaN,NaN,NaN,NaN,NaN
1-Mar-57,NaN,NaN,NaN,NaN,NaN
1-Apr-57,NaN,NaN,NaN,NaN,NaN
1-May-57,NaN,NaN,NaN,NaN,NaN
1-Jun-57,NaN,NaN,NaN,NaN,NaN
1-Jul-57,NaN,NaN,NaN,NaN,NaN
1-Aug-57,NaN,NaN,NaN,NaN,NaN
1-Sep-57,NaN,NaN,NaN,NaN,NaN
1-Oct-57,NaN,NaN,NaN,NaN,NaN
1-Nov-57,NaN,NaN,NaN,NaN,NaN
1-Dec-57,NaN,NaN,NaN,NaN,NaN
1-Jan-58,NaN,NaN,NaN,NaN,NaN
1-Feb-58,NaN,NaN,NaN,NaN,NaN
1-Mar-58,NaN,NaN,NaN,NaN,NaN
1-Apr-58,NaN,NaN,NaN,NaN,NaN
1-May-58,NaN,NaN,NaN,NaN,NaN
1-Jun-58,NaN,NaN,NaN,NaN,NaN
1-Jul-58,NaN,NaN,NaN,NaN,NaN
1-Aug-58,NaN,NaN,NaN,NaN,NaN
1-Sep-58,NaN,NaN,NaN,NaN,NaN
1-Oct-58,NaN,NaN,NaN,NaN,NaN
1-Nov-58,NaN,NaN,NaN,NaN,NaN
1-Dec-58,NaN,NaN,NaN,NaN,NaN
1-Jan-59,NaN,NaN,NaN,NaN,NaN
1-Feb-59,NaN,NaN,NaN,NaN,NaN
1-Mar-59,NaN,NaN,NaN,NaN,NaN
1-Apr-59,NaN,NaN,NaN,NaN,NaN
1-May-59,NaN,NaN,NaN,NaN,NaN
1-Jun-59,NaN,NaN,NaN,NaN,NaN
1-Jul-59,NaN,NaN,NaN,NaN,NaN
1-Aug-59,NaN,NaN,NaN,NaN,NaN
1-Sep-59,NaN,NaN,NaN,NaN,NaN
1-Oct-59,NaN,NaN,NaN,NaN,NaN
1-Nov-59,NaN,NaN,NaN,NaN,NaN
1-Dec-59,NaN,NaN,NaN,NaN,NaN
1-Jan-60,NaN,NaN,NaN,NaN,NaN
1-Feb-60,NaN,NaN,NaN,NaN,NaN
1-Mar-60,NaN,NaN,NaN,NaN,NaN
1-Apr-60,NaN,NaN,NaN,NaN,NaN
1-May-60,NaN,NaN,NaN,NaN,NaN
1-Jun-60,NaN,NaN,NaN,NaN,NaN
1-Jul-60,NaN,NaN,NaN,NaN,NaN
1-Aug-60,NaN,NaN,NaN,NaN,NaN
1-Sep-60,NaN,NaN,NaN,NaN,NaN
1-Oct-60,NaN,NaN,NaN,NaN,NaN
1-Nov-60,NaN,NaN,NaN,NaN,NaN
1-Dec-60,NaN,NaN,NaN,NaN,NaN
1-Jan-61,NaN,NaN,NaN,NaN,NaN
1-Feb-61,NaN,NaN,NaN,NaN,NaN
1-Mar-61,NaN,NaN,NaN,NaN,NaN
1-Apr-61,NaN,NaN,NaN,NaN,NaN
1-May-61,NaN,NaN,NaN,NaN,NaN
1-Jun-61,NaN,NaN,NaN,NaN,NaN
1-Jul-61,NaN,NaN,NaN,NaN,NaN
1-Aug-61,NaN,NaN,NaN,NaN,NaN
1-Sep-61,NaN,NaN,NaN,NaN,NaN
1-Oct-61,NaN,NaN,NaN,NaN,NaN
1-Nov-61,NaN,NaN,NaN,NaN,NaN
1-Dec-61,NaN,NaN,NaN,NaN,NaN
1-Jan-62,NaN,NaN,NaN,NaN,NaN
1-Feb-62,NaN,NaN,NaN,NaN,NaN
1-Mar-62,NaN,NaN,NaN,NaN,NaN
1-Apr-62,NaN,NaN,NaN,NaN,NaN
1-May-62,NaN,NaN,NaN,NaN,NaN
1-Jun-62,NaN,NaN,NaN,NaN,NaN
1-Jul-62,NaN,NaN,NaN,NaN,NaN
1-Aug-62,NaN,NaN,NaN,NaN,NaN
1-Sep-62,NaN,NaN,NaN,NaN,NaN
1-Oct-62,NaN,NaN,NaN,NaN,NaN
1-Nov-62,NaN,NaN,NaN,NaN,NaN
1-Dec-62,NaN,NaN,NaN,NaN,NaN
1-Jan-63,NaN,NaN,NaN,NaN,NaN
1-Feb-63,NaN,NaN,NaN,NaN,NaN
1-Mar-63,NaN,NaN,NaN,NaN,NaN
1-Apr-63,NaN,NaN,NaN,NaN,NaN
1-May-63,NaN,NaN,NaN,NaN,NaN
1-Jun-63,NaN,NaN,NaN,NaN,NaN
1-Jul-63,NaN,NaN,NaN,NaN,NaN
1-Aug-63,NaN,NaN,NaN,NaN,NaN
1-Sep-63,NaN,NaN,NaN,NaN,NaN
1-Oct-63,NaN,NaN,NaN,NaN,NaN
1-Nov-63,NaN,NaN,NaN,NaN,NaN
1-Dec-63,NaN,NaN,NaN,NaN,NaN
1-Jan-64,NaN,NaN,NaN,NaN,NaN
1-Feb-64,NaN,NaN,NaN,NaN,NaN
1-Mar-64,NaN,NaN,NaN,NaN,NaN
1-Apr-64,NaN,NaN,NaN,NaN,NaN
1-May-64,NaN,NaN,NaN,NaN,NaN
1-Jun-64,NaN,NaN,NaN,NaN,NaN
1-Jul-64,NaN,NaN,NaN,NaN,NaN
1-Aug-64,NaN,NaN,NaN,NaN,NaN
1-Sep-64,NaN,NaN,NaN,NaN,NaN
1-Oct-64,NaN,NaN,NaN,NaN,NaN
1-Nov-64,NaN,NaN,NaN,NaN,NaN
1-Dec-64,NaN,NaN,NaN,NaN,NaN
1-Jan-65,NaN,NaN,NaN,NaN,NaN
1-Feb-65,NaN,NaN,NaN,NaN,NaN
1-Mar-65,NaN,NaN,NaN,NaN,NaN
1-Apr-65,NaN,NaN,NaN,NaN,NaN
1-May-65,NaN,NaN,NaN,NaN,NaN
1-Jun-65,NaN,NaN,NaN,NaN,NaN
1-Jul-65,NaN,NaN,NaN,NaN,NaN
1-Aug-65,NaN,NaN,NaN,NaN,NaN
1-Sep-65,NaN,NaN,NaN,NaN,NaN
1-Oct-65,NaN,NaN,NaN,NaN,NaN
1-Nov-65,NaN,NaN,NaN,NaN,NaN
1-Dec-65,NaN,NaN,NaN,NaN,NaN
1-Jan-66,NaN,NaN,NaN,NaN,NaN
1-Feb-66,NaN,NaN,NaN,NaN,NaN
1-Mar-66,NaN,NaN,NaN,NaN,NaN
1-Apr-66,NaN,NaN,NaN,NaN,NaN
1-May-66,NaN,NaN,NaN,NaN,NaN
1-Jun-66,NaN,NaN,NaN,NaN,NaN
1-Jul-66,NaN,NaN,NaN,NaN,NaN
1-Aug-66,NaN,NaN,NaN,NaN,NaN
1-Sep-66,NaN,NaN,NaN,NaN,NaN
1-Oct-66,NaN,NaN,NaN,NaN,NaN
1-Nov-66,NaN,NaN,NaN,NaN,NaN
1-Dec-66,NaN,NaN,NaN,NaN,NaN
1-Jan-67,NaN,NaN,NaN,NaN,NaN
1-Feb-67,NaN,NaN,NaN,NaN,NaN
1-Mar-67,NaN,NaN,NaN,NaN,NaN
1-Apr-67,NaN,NaN,NaN,NaN,NaN
1-May-67,NaN,NaN,NaN,NaN,NaN
1-Jun-67,NaN,NaN,NaN,NaN,NaN
1-Jul-67,NaN,NaN,NaN,NaN,NaN
1-Aug-67,NaN,NaN,NaN,NaN,NaN
1-Sep-67,NaN,NaN,NaN,NaN,NaN
1-Oct-67,NaN,NaN,NaN,NaN,NaN
1-Nov-67,NaN,NaN,NaN,NaN,NaN
1-Dec-67,NaN,NaN,NaN,NaN,NaN
1-Jan-68,NaN,NaN,NaN,NaN,NaN
1-Feb-68,NaN,NaN,NaN,NaN,NaN
1-Mar-68,NaN,NaN,NaN,NaN,NaN
1-Apr-68,NaN,NaN,NaN,NaN,NaN
1-May-68,NaN,NaN,NaN,NaN,NaN
1-Jun-68,NaN,NaN,NaN,NaN,NaN
1-Jul-68,NaN,NaN,NaN,NaN,NaN
1-Aug-68,NaN,NaN,NaN,NaN,NaN
1-Sep-68,NaN,NaN,NaN,NaN,NaN
1-Oct-68,NaN,NaN,NaN,NaN,NaN
1-Nov-68,NaN,NaN,NaN,NaN,NaN
1-Dec-68,NaN,NaN,NaN,NaN,NaN
1-Jan-69,NaN,NaN,NaN,NaN,NaN
1-Feb-69,NaN,NaN,NaN,NaN,NaN
1-Mar-69,NaN,NaN,NaN,NaN,NaN
1-Apr-69,NaN,NaN,NaN,NaN,NaN
1-May-69,NaN,NaN,NaN,NaN,NaN
1-Jun-69,NaN,NaN,NaN,NaN,NaN
1-Jul-69,NaN,NaN,NaN,NaN,NaN
1-Aug-69,NaN,NaN,NaN,NaN,NaN
1-Sep-69,NaN,NaN,NaN,NaN,NaN
1-Oct-69,NaN,NaN,NaN,NaN,NaN
1-Nov-69,NaN,NaN,NaN,NaN,NaN
1-Dec-69,NaN,NaN,NaN,NaN,NaN
1-Jan-70,NaN,NaN,NaN,NaN,NaN
1-Feb-70,NaN,NaN,NaN,NaN,NaN
1-Mar-70,NaN,NaN,NaN,NaN,NaN
1-Apr-70,NaN,NaN,NaN,NaN,NaN
1-May-70,NaN,NaN,NaN,NaN,NaN
1-Jun-70,NaN,NaN,NaN,NaN,NaN
1-Jul-70,NaN,NaN,NaN,NaN,NaN
1-Aug-70,NaN,NaN,NaN,NaN,NaN
1-Sep-70,NaN,NaN,NaN,NaN,NaN
1-Oct-70,NaN,NaN,NaN,NaN,NaN
1-Nov-70,NaN,NaN,NaN,NaN,NaN
1-Dec-70,-4.925531769,NaN,-5.011056345,-3.061343026,-5.00045494
1-Jan-71,-18.0953102,NaN,-16.19894443,-15.67970721,-16.18946145
1-Feb-71,-3.607261374,NaN,-1.892869592,-2.635877672,-1.854898455
1-Mar-71,-6.714829408,NaN,-6.09825064,-4.835037618,-6.076284451
1-Apr-71,3.981741854,NaN,5.48198424,4.759901519,5.473147485
1-May-71,-2.007844306,NaN,-1.177274883,-1.812990005,-1.17639948
1-Jun-71,1.442405834,NaN,1.493208495,-2.515010193,1.496795474
1-Jul-71,0.852339943,NaN,-3.403248153,4.834123357,-3.387299188
1-Aug-71,-2.024984052,NaN,2.292754718,-1.435725621,2.263875158
1-Sep-71,-16.37429187,NaN,-15.83585014,-14.54179493,-15.83894094
1-Oct-71,-39.95775929,NaN,-38.81813671,-37.61941551,-38.83006087
1-Nov-71,-21.27369763,NaN,-20.94454906,-22.08113589,-20.94818565
1-Dec-71,5.698003939,-22.81672215,3.079939224,7.398244589,3.07120779
1-Jan-72,-28.43640442,-23.29029296,-27.02187064,-25.10375873,-26.97391735
1-Feb-72,-11.37816333,-20.98886684,-9.507471737,-8.827584269,-9.453940863
1-Mar-72,-34.97806136,-40.17506601,-33.37141735,-34.44216238,-33.32534107
1-Apr-72,26.22377712,-0.558562927,24.58477579,24.21314164,24.59777107
1-May-72,-2.230478575,-0.539636084,-3.872581686,-3.90004545,-3.874873273
1-Jun-72,3.319409224,1.570743146,1.342274993,1.670677445,1.344170783
1-Jul-72,1.532487584,1.571593178,-0.150208882,1.750265986,-0.144636393
1-Aug-72,1.79976371,4.71667572,2.117155507,1.608973111,2.116038094
1-Sep-72,-22.30126246,-3.250110575,-22.39241131,-20.97500522,-22.39528563
1-Oct-72,-44.1795826,-6.066362037,-43.81171087,-42.14748967,-43.82456895
1-Nov-72,20.73136862,9.101048008,20.47628158,18.42341221,20.46779829
1-Dec-72,5.503179083,10.28207051,3.256794513,9.777081848,3.249303
1-Jan-73,-30.88555631,-1.784304528,-26.16428192,-28.39904681,-26.11325828
1-Feb-73,-0.213746224,6.266317872,0.929661964,-0.760431658,0.985232737
1-Mar-73,-2.367380717,22.03539476,-3.408203407,-0.254773455,-3.407615756
1-Apr-73,8.620764599,6.023776272,10.52700812,6.649987827,10.53764576
1-May-73,0.674604987,6.212446619,-1.200562402,1.355623651,-1.21958766
1-Jun-73,-0.268241949,0.876606998,0.519785353,1.430578578,0.516633126
1-Jul-73,1.487370929,0.792458873,3.326093757,1.045821009,3.315973967
1-Aug-73,-0.124566693,0.43778851,-0.518602434,2.606508363,-0.516255316
1-Sep-73,-11.75882157,7.827414171,-8.796323777,-10.16989538,-8.815439225
1-Oct-73,5.709257046,52.22022873,6.853677802,4.118166037,6.847222777
1-Nov-73,2.015234165,18.70925763,0.452264305,0.569746362,0.444487968
1-Dec-73,3.381428448,11.9076297,1.918349109,3.545002615,1.897937641
1-Jan-74,-0.303379198,32.2603276,0.06190503,0.329140546,0.040295961
1-Feb-74,1.838729889,25.21385844,2.565479628,1.950142698,2.634904743
1-Mar-74,-3.114381295,25.88202392,-2.873679341,-1.522233017,-2.8458308
1-Apr-74,-7.129986987,-5.383228786,-5.525246308,-5.047316392,-5.510203286
1-May-74,-0.863016997,-2.730260624,1.00964991,-0.839773903,1.00896179
1-Jun-74,3.613411808,0.566046373,3.484353433,2.861039386,3.478336496
1-Jul-74,1.49778983,0.528305915,0.790030026,0.42657651,0.788762488
1-Aug-74,2.682287952,3.098713652,1.609990138,3.17540427,1.610279091
1-Sep-74,-2.10971945,16.46035546,-1.420228735,-2.225114932,-1.424150356
1-Oct-74,10.50640055,45.99085864,10.33022308,5.291966109,10.33074353
1-Nov-74,4.824720898,23.18493631,-0.247553258,4.122180355,-0.279562777
1-Dec-74,-0.347375888,10.3965259,-0.713748923,-5.04639977,-0.712155834
1-Jan-75,2.521031758,27.85154576,-2.408789756,2.737356282,-2.379299571
1-Feb-75,-0.464080841,18.68264698,-0.02571937,2.204567215,0.052669187
1-Mar-75,-6.867569832,15.52907599,-3.933438436,-6.871359428,-3.895567404
1-Apr-75,3.893341093,4.782500057,3.589792925,3.105023192,3.585158855
1-May-75,1.003295139,4.824196236,0.271836031,2.212998724,0.267179722
1-Jun-75,-0.259062803,0.452072219,1.106743302,-0.619475142,1.099083757
1-Jul-75,1.482161478,0.396229436,1.102331991,2.439454522,1.101479315
1-Aug-75,3.174132507,2.815879794,4.287345815,3.177695351,4.28184851
1-Sep-75,4.693652025,19.42777513,4.879890915,5.198504159,4.88348443
1-Oct-75,1.640843136,29.64713021,2.475886835,3.566052549,2.478741642
1-Nov-75,-8.36125341,2.611711366,-6.077944102,-7.953113697,-6.085568224
1-Dec-75,-5.2596229,-5.639336317,-5.148449942,-2.013363512,-5.159386743
1-Jan-76,1.796421882,13.63584698,4.96139321,-2.441692169,5.000469435
1-Feb-76,-5.529001234,4.97466997,-10.12299817,-3.267486704,-10.13793774
1-Mar-76,-15.83653853,-2.204814235,-13.71295486,-13.43608597,-13.68386886
1-Apr-76,-11.45923944,-19.82846756,-9.755268691,-9.794769341,-9.756323849
1-May-76,0.574455585,-9.994127872,1.522058258,1.190620598,1.519492653
1-Jun-76,-2.018755436,-9.260317942,-1.646803123,1.412429272,-1.649960566
1-Jul-76,-39.0139843,-45.6399324,-35.58999637,-37.89365733,-35.61126013
1-Aug-76,2.188860218,-24.81454613,1.342725912,4.449711606,1.338220163
1-Sep-76,-7.412897453,-11.9258347,-5.490019141,-7.468028905,-5.511493876
1-Oct-76,2.046605941,8.534492446,1.299298205,3.383334398,1.296718038
1-Nov-76,-18.15538302,-16.23464786,-16.87296892,-18.27004083,-16.87375665
1-Dec-76,13.70980731,3.821126751,12.56022269,15.303613,12.56453898
1-Jan-77,-9.134681017,5.267793218,-7.072993669,-8.763332991,-7.088652242
1-Feb-77,8.408240273,14.62346378,8.361593709,5.889629625,8.388204841
1-Mar-77,2.158839646,22.10456988,-0.266250616,2.759945341,-0.258058459
1-Apr-77,-0.293373168,8.229923985,0.507726955,-2.64743562,0.522838129
1-May-77,0.379476709,5.525044967,-2.114781728,2.831169648,-2.129752937
1-Jun-77,-0.259062803,1.905044098,2.429773023,-1.256671727,2.416688079
1-Jul-77,1.482161478,7.923638949,0.415696313,1.988754498,0.421621846
1-Aug-77,3.174132507,6.388461523,3.801676677,1.126233175,3.795363365
1-Sep-77,2.288561187,15.12476839,0.264168138,4.044494421,0.27414978
1-Oct-77,-8.378362008,10.91111984,-6.313921659,-6.927197117,-6.32588251
1-Nov-77,11.60545156,18.00149695,12.84936003,8.097527104,12.85102203
1-Dec-77,0.11717557,7.796457506,-3.165985479,1.370140388,-3.170121591
1-Jan-78,0.560097481,16.77595471,2.032784363,2.00012705,2.057071558
1-Feb-78,1.558403111,12.64289047,3.205710422,2.609744811,3.253550475
1-Mar-78,2.09726653,18.94677418,3.353546179,0.189842932,3.332380221
1-Apr-78,-0.293373168,7.054220559,-2.196947728,1.509883563,-2.198331715
1-May-78,-1.997445601,2.358830519,-0.011824919,-4.107147729,-0.016054172
1-Jun-78,1.089914459,1.632894942,-1.253919375,1.367030699,-1.248421145
1-Jul-78,1.482161478,6.791690528,1.822462093,1.778945867,1.817895709
1-Aug-78,3.008457162,5.310148817,3.409913974,1.318009573,3.402153598
1-Sep-78,4.041431107,14.6229312,2.394043532,1.288220727,2.398676724
1-Oct-78,5.575248509,24.24744447,2.864904644,6.853606978,2.873968596
1-Nov-78,-19.48663265,-6.88736729,-17.71660528,-15.93256648,-17.71814482
1-Dec-78,-6.265824537,-12.40925244,-3.264526512,-8.63936729,-3.250142829
1-Jan-79,10.24119797,13.44578417,7.172049574,11.28478679,7.116133728
1-Feb-79,2.333202253,11.13746249,3.760521682,2.506043485,3.58866303
1-Mar-79,1.691763571,16.21545145,2.022272886,-1.294816516,1.967411351
1-Apr-79,-0.087373031,6.172442989,-3.17280112,-1.536960645,-3.193458282
1-May-79,0.379476709,4.440899014,-1.135069846,0.989516103,-1.143639936
1-Jun-79,-0.259062803,1.428783074,0.445228441,-0.3397303,0.442129577
1-Jul-79,1.306021514,5.766589248,1.227641837,1.975799026,1.230636041
1-Aug-79,2.829099308,4.36705746,3.623792105,2.73713511,3.613064344
1-Sep-79,0.087673915,8.682783267,0.151457286,0.726641431,0.147320067
1-Oct-79,4.592548485,17.89996635,5.338422144,7.387384857,5.334731132
1-Nov-79,6.146224028,17.62850863,9.443961755,4.140193345,9.438334458
1-Dec-79,0.400894822,9.115483491,-1.370355816,-2.038374162,-1.388951906
1-Jan-80,2.521031758,15.66508319,0.044676752,3.70869254,0.066883506
1-Feb-80,-6.685654936,2.988508431,-5.200592736,-6.853308753,-5.247909862
1-Mar-80,5.797713305,14.59721707,5.368281814,6.544897676,5.382209115
1-Apr-80,-0.191505023,5.48661599,0.851940595,-2.928653434,0.849593529
1-May-80,0.379476709,3.94746579,-2.525088413,2.621361016,-2.537936583
1-Jun-80,-0.259062803,1.270029399,2.203685665,-2.90405802,2.18912431
1-Jul-80,1.316486133,5.136321728,-1.525183468,-2.792710744,-1.512279632
1-Aug-80,3.268158413,4.326826954,-1.086399674,3.860150323,-1.067937776
1-Sep-80,4.207480872,12.09038678,5.030113806,4.898829568,5.024297556
1-Oct-80,5.216861741,19.01684302,6.228866768,4.346103719,6.226880126
1-Nov-80,4.94623032,16.42828039,4.386361109,5.731203841,4.38285689
1-Dec-80,-0.852678864,7.269667272,0.368107044,-0.324036163,0.358123686
1-Jan-81,3.051257801,14.09857488,3.719116158,1.235116081,3.71236883
1-Feb-81,0.600595791,9.975908314,-1.138180254,1.684023074,-1.220236521
1-Mar-81,1.60182947,13.0767852,2.880314805,-1.737353588,2.877310825
1-Apr-81,-0.157050117,4.937954391,-3.621602064,0.656221408,-3.60489477
1-May-81,0.379476709,3.552719211,1.30164945,-0.393666728,1.301306176
1-Jun-81,-0.259062803,1.143026459,-1.045273396,-1.287754487,-1.038799374
1-Jul-81,1.482161478,4.7883649,0.38220189,0.333597515,0.387608317
1-Aug-81,3.171911746,3.891923497,2.015877874,3.058914239,2.020648303
1-Sep-81,4.414948411,11.08755529,4.475473562,3.816333826,4.474030262
1-Oct-81,6.968848955,18.98417492,6.601017111,1.788025696,6.606542667
1-Nov-81,4.641349449,15.69064425,-0.473586358,3.212544105,-0.472081725
1-Dec-81,-1.175752614,6.714679573,-2.329244598,-3.349302226,-2.333528116
1-Jan-82,-1.903471992,7.922252971,-4.152773583,-3.06550581,-4.337087214
1-Feb-82,1.847574501,7.538129807,0.570503683,4.732644453,0.46275734
1-Mar-82,2.710853837,12.12819022,5.923415873,2.957465667,5.95803468
1-Apr-82,-0.293373168,4.489049446,0.139288298,0.468611095,0.140954706
1-May-82,0.379476709,3.229744738,1.24303421,0.896267822,1.237871732
1-Jun-82,-0.259062803,1.039114963,0.344745171,-0.736035493,0.342080779
1-Jul-82,1.482161478,4.353059,0.976727904,3.581745961,0.981849074
1-Aug-82,3.174132507,3.540333031,5.518265872,3.387503983,5.505220988
1-Sep-82,4.627103214,10.29301087,5.039429461,7.540869266,5.037985835
1-Oct-82,7.01340457,17.42401618,10.44098016,5.114573516,10.42854776
1-Nov-82,4.414225921,14.24999294,2.841132168,5.948196869,2.84975203
1-Dec-82,-2.506207262,4.749131257,-0.47592726,-3.414856307,-0.46071444
1-Jan-83,3.789105252,12.1566985,2.835279094,1.404424851,2.840562026
1-Feb-83,0.764764838,8.604999121,-1.568537221,1.172142085,-1.507609019
1-Mar-83,1.748862114,11.1175077,2.306949761,1.473454832,2.260336715
1-Apr-83,-9.717027102,-5.308691942,-9.870518044,-13.90497241,-9.867877883
1-May-83,-4.310377212,-7.077470977,-9.246109443,-8.072821161,-9.23593077
1-Jun-83,4.90299477,0.417662835,0.531283353,6.611823,0.541267899
1-Jul-83,1.7857107,3.990304084,3.749202427,6.054168809,3.738558695
1-Aug-83,3.033536491,3.104709263,7.722279488,4.093913183,7.693194829
1-Sep-83,4.761970699,9.490334841,6.080077906,5.04742459,6.074069886
1-Oct-83,2.639406358,11.62927332,3.239422556,4.004977646,3.239138277
1-Nov-83,-31.77915014,-25.50417716,-30.04975687,-31.28046914,-30.05107298
1-Dec-83,16.80172975,1.75212485,15.8681552,17.61537081,15.86240714
1-Jan-84,5.282670309,11.22156785,6.593753026,2.669675923,6.598164036
1-Feb-84,-1.976943375,5.201367899,-4.519585579,-3.11593345,-4.518748853
1-Mar-84,2.386290754,9.343738848,1.142656116,4.973880784,1.099569665
1-Apr-84,0.227947226,4.523322911,3.152455606,0.86148732,3.155733536
1-May-84,0.379476709,3.505020187,1.117430122,-3.24550998,1.113408916
1-Jun-84,-0.259062803,0.920394139,-4.118386736,-0.192087188,-4.112116206
1-Jul-84,1.482161478,3.683357616,1.562880312,2.120856229,1.55605543
1-Aug-84,3.174132507,3.006481489,3.944027976,4.522024732,3.935190423
1-Sep-84,4.377140125,8.455271117,6.012012823,0.297285122,6.001755935
1-Oct-84,7.155266389,15.07745534,3.034254541,7.351287824,3.049931279
1-Nov-84,-1.20125451,9.360086143,-0.513474689,-0.320021527,-0.508310598
1-Dec-84,0.967902612,4.545811951,2.017529476,3.374625731,2.024490689
1-Jan-85,-7.037667251,-0.243778522,-4.326422922,-6.652267064,-4.299646611
1-Feb-85,6.816805958,7.571549834,6.937970954,8.578195701,6.482983359
1-Mar-85,1.698046488,9.544089259,3.863866454,2.261873732,3.827089772
1-Apr-85,-0.264533722,4.200228417,0.483815692,-1.523586288,0.475116183
1-May-85,0.379476709,3.254661602,-0.934103306,0.158052267,-0.934149472
1-Jun-85,-0.259062803,0.8546517,-0.450747382,-1.994887283,-0.446446704
1-Jul-85,1.482161478,3.420260643,-0.379796241,2.400601072,-0.377698206
1-Aug-85,3.174132507,2.791732812,4.245477786,2.532728076,4.238482688
1-Sep-85,2.312422018,5.786605073,1.803651624,3.501094877,1.805233183
1-Oct-85,-41.1254731,-35.45203692,-39.67112783,-37.67693217,-39.67673246
1-Nov-85,-0.465631797,-18.59414481,1.314038978,-1.436404714,1.308705133
1-Dec-85,1.410093348,-10.82580339,-0.196020894,1.357382338,-0.249940999
1-Jan-86,8.233557711,6.491821674,7.931528812,4.732934835,7.968105057
1-Feb-86,-2.959063754,1.10434906,-6.483586641,-0.32590463,-6.525925989
1-Mar-86,1.658122661,5.484028093,4.375275529,0.349783225,4.104638198
1-Apr-86,1.678572656,3.92021319,0.323565965,0.445161997,0.30393953
1-May-86,0.379476709,3.037684162,-0.858740853,-0.906532272,-0.867011325
1-Jun-86,-1.286249943,-0.22951222,-2.625118521,-0.900676036,-2.61248316
1-Jul-86,2.065122095,3.192243267,2.438440323,2.908107222,2.436619663
1-Aug-86,3.174132507,2.605617291,4.178488939,2.540498766,4.170995748
1-Sep-86,4.236615798,7.325025182,3.73621901,4.858028282,3.738048622
1-Oct-86,-9.637843417,-0.508898351,-8.699762275,-11.23089869,-8.708746834
1-Nov-86,11.81104512,13.33464081,9.739780319,13.68621784,9.747401825
1-Dec-86,-5.727351232,0.17439542,-3.201764694,-8.770048184,-3.186053126
1-Jan-87,5.34972925,9.061210223,1.906546124,5.230813319,1.890004558
1-Feb-87,-1.105393476,4.577474759,-0.982849085,-1.674122233,-1.676298808
1-Mar-87,2.966994782,8.460427227,2.367251276,2.108556769,2.335086606
1-Apr-87,-0.205148599,3.675199865,-0.960841223,0.407181419,-1.040752384
1-May-87,0.379476709,2.847828902,1.083935699,-1.271754705,1.088023652
1-Jun-87,-2.655832797,-1.58475056,-4.388260849,-5.316369394,-4.395357085
1-Jul-87,2.842402917,2.992728063,-0.134356933,0.901303789,-0.125200573
1-Aug-87,3.174132507,2.44276621,1.197485264,2.874638439,1.209343668
1-Sep-87,4.693652025,7.324247335,4.553320288,3.380162684,4.550522411
1-Oct-87,6.975636052,16.39576952,5.851255987,8.123776458,5.862548214
1-Nov-87,3.472424871,13.78750319,5.181784603,2.64410604,5.181516311
1-Dec-87,0.242002077,6.835669703,-0.31979651,1.458108512,-0.318618134
1-Jan-88,2.532757193,9.497527969,3.990976796,1.69200058,4.014725523
1-Feb-88,0.764764838,6.728494807,0.064315916,-2.0449236,0.126631083
1-Mar-88,-15.64357671,-9.274230506,-18.55216188,-21.73146016,-18.56358351
1-Apr-88,7.161376318,1.043011709,-0.114341731,8.786247391,-0.176235291
1-May-88,1.750631733,2.680309555,3.667201514,3.798075228,3.666624192
1-Jun-88,-0.259062803,0.905240055,2.027839943,0.491733537,2.021500246
1-Jul-88,1.482161478,2.816685235,2.299757625,0.263661305,2.293066901
1-Aug-88,3.112257733,2.237199306,1.880861409,4.623334449,1.888154729
1-Sep-88,4.219507602,6.384148977,6.027170891,4.078591973,6.015752403
1-Oct-88,6.849088073,15.01574348,6.963977227,7.602105565,6.964511169
1-Nov-88,0.036719973,9.349977573,1.306880257,0.446335245,1.308619112
1-Dec-88,2.346383034,6.476570704,2.943074581,-0.059527649,2.93033877
1-Jan-89,1.586506633,8.035362401,-0.806112315,4.841170971,-0.790305838
1-Feb-89,-6.840645294,-1.781092635,-3.174347104,-6.701790975,-3.091693855
1-Mar-89,6.366171276,8.633443351,6.246217134,6.630476869,6.275928854
1-Apr-89,-0.293373168,3.401066543,0.248145174,-2.725142521,0.267727421
1-May-89,0.379476709,2.531403469,-2.198517786,3.569385204,-2.200964857
1-Jun-89,-0.609912177,0.504099567,2.874416203,0.762539368,2.861190984
1-Jul-89,1.681279399,2.660202722,3.151440455,1.600531649,3.141652133
1-Aug-89,3.174132507,2.17478523,3.17365624,3.900369527,3.17473059
1-Sep-89,0.227368497,2.072450785,1.192352729,1.485977567,1.186526256
1-Oct-89,-6.755846799,-1.669132999,-5.329090779,-6.916568783,-5.333113381
1-Nov-89,2.304891555,2.130298215,1.862938174,3.504091577,1.870195064
1-Dec-89,-21.91217067,-21.94096314,-20.57583868,-23.00639326,-20.58404083
1-Jan-90,0.992704882,-8.91573101,-1.278979699,2.578659355,-1.269864469
1-Feb-90,1.208194573,-3.018766501,2.651630744,-2.767666206,2.72364985
1-Mar-90,7.121790987,8.179051595,2.732546675,8.736513215,2.770686723
1-Apr-90,-0.293373168,3.222063041,1.7218998,-0.526037233,1.741488936
1-May-90,0.3228881,2.341583098,0.114624055,3.310758653,0.113151381
1-Jun-90,-0.226947009,0.828417385,3.036873497,-3.129107098,3.024902885
1-Jul-90,1.397316054,2.435346629,-1.720682539,4.413841964,-1.703877941
1-Aug-90,-5.792236666,-6.954198738,-2.464207145,-5.183657661,-2.487543093
1-Sep-90,-6.786792003,-10.16680715,-6.392513337,-9.001743884,-6.394489361
1-Oct-90,-2.364861972,-4.074553995,-5.154444135,-1.82773887,-5.149931691
1-Nov-90,15.19392697,13.49781047,15.5499624,12.80966565,15.55387839
1-Dec-90,-1.473973409,6.106149197,-3.397837128,-1.254150481,-3.406190293
1-Jan-91,3.160410854,8.992760266,3.475454893,4.574387988,3.466277171
1-Feb-91,-7.561874485,-1.72726974,-5.817230504,-5.530423014,-5.760709963
1-Mar-91,6.391133827,7.686744206,8.288168524,8.051694471,8.274045446
1-Apr-91,-4.359769768,-1.052743155,-2.315118107,-3.365743183,-2.297234944
1-May-91,2.287383204,1.854344758,3.199030468,3.862163117,3.196339151
1-Jun-91,-0.272056349,0.531810337,1.508106137,-2.704993175,1.491844234
1-Jul-91,1.626987563,2.398424721,-0.99282116,3.606710295,-0.987018664
1-Aug-91,-3.711285888,-4.477385609,-1.492756611,-1.190019464,-1.504389121
1-Sep-91,-50.84063601,-52.50397859,-48.2813236,-49.90422581,-48.29852928
1-Oct-91,26.01584802,0.193724547,24.47691322,27.40516423,24.47633606
1-Nov-91,3.772489895,3.740379405,5.844839449,2.443231581,5.839410084
1-Dec-91,-17.11555424,-14.9990637,-18.40926962,-17.63530511,-18.41936163
1-Jan-92,8.75729623,2.348575354,7.374716758,10.74899755,7.355044501
1-Feb-92,-0.190816858,2.198289402,2.159630687,0.377034566,2.221072537
1-Mar-92,1.675128101,4.785899857,2.271428343,-1.595601863,2.299394243
1-Apr-92,1.192516089,3.111090515,-2.255472441,0.817190604,-2.261386538
1-May-92,0.379476709,2.192790421,0.053982182,3.491678303,0.054447444
1-Jun-92,-0.259062803,0.761672214,3.141529518,-0.091068218,3.129620098
1-Jul-92,1.482161478,2.28421402,1.671737188,1.336016533,1.67512675
1-Aug-92,0.026480747,-0.526410135,-0.049357973,-0.879127146,-0.045420518
1-Sep-92,-3.880969331,-0.922823757,-4.829860937,-2.126904509,-4.81829706
1-Oct-92,-16.87902712,-14.85540278,-15.16555068,-18.64683643,-15.1744087
1-Nov-92,21.2515821,12.51384249,18.49500102,17.5908095,18.48112601
1-Dec-92,-0.250215785,7.623753332,-3.40507903,1.078600997,-3.405137629
1-Jan-93,2.311523791,8.248272195,3.879620401,0.60071718,3.893591307
1-Feb-93,-2.92894074,2.769090419,-4.577578191,-1.389753194,-4.536795973
1-Mar-93,-5.066540412,-1.792653268,-3.474157834,-2.259684144,-3.472365672
1-Apr-93,3.489189131,1.656278281,6.266905089,4.033988853,6.278791787
1-May-93,0.795442393,1.763689057,1.48529256,0.510402079,1.492924731
1-Jun-93,-0.072101569,0.72705075,-0.33029369,-0.024929231,-0.321899839
1-Jul-93,1.482161478,2.18038611,1.5461331,-2.766907819,1.545912845
1-Aug-93,3.099471268,2.570508119,-1.397631329,3.911185879,-1.373076368
1-Sep-93,4.736024598,9.480134305,5.789432017,2.543481371,5.780227508
1-Oct-93,6.975636052,15.55470193,4.905038528,6.320976364,4.911553667
1-Nov-93,4.154467922,11.74810462,3.921151102,6.442195806,3.916807535
1-Dec-93,-12.50043689,-5.083732973,-9.670742941,-18.81307607,-9.693706178
1-Jan-94,7.154829214,5.709181916,-0.119407641,4.817669928,-0.133481192
1-Feb-94,2.121151447,6.461303042,-0.137565339,3.639900468,-0.0915401
1-Mar-94,1.748862114,7.264464121,3.537869818,-1.642591883,3.546397658
1-Apr-94,-0.293373168,2.897665211,-3.804680047,-2.973804603,-3.793186399
1-May-94,-0.117549327,1.51940996,-2.963499208,-0.711966892,-2.960677548
1-Jun-94,0.023014915,0.695439848,-0.595143927,1.233622524,-0.591837611
1-Jul-94,1.482161478,2.085586714,2.802173975,3.387478709,2.794821556
1-Aug-94,3.147483373,2.506759001,5.282276592,1.309392672,5.274479046
1-Sep-94,4.708776237,9.067954552,2.909154716,2.967554177,2.924198176
1-Oct-94,4.630956568,12.53373106,3.046028183,5.07196418,3.054822818
1-Nov-94,4.329893088,10.10334697,5.161483676,5.048690707,5.154825957
1-Dec-94,-0.802188372,6.170695613,0.312489772,-1.814621319,0.33343905
1-Jan-95,-9.214913793,-4.63142146,-10.21636397,-13.4062798,-10.18919837
1-Feb-95,2.015258926,0.352581618,-2.894307017,0.085222173,-2.947268963
1-Mar-95,5.062960059,6.961778116,2.988106601,2.885893713,3.019685283
1-Apr-95,-0.293373168,2.77692916,-2.414661479,-0.976737257,-2.439066589
1-May-95,0.379476709,1.953127248,-0.314456475,-0.284877067,-0.310381137
1-Jun-95,-1.115052087,-0.189526096,-1.784032198,-1.809604098,-1.782000701
1-Jul-95,1.967961992,1.998687268,1.185802084,2.743225733,1.185494072
1-Aug-95,3.174132507,2.428959844,4.103126487,3.07667638,4.102867555
1-Sep-95,4.693652025,8.690123113,4.771034039,2.354431596,4.774275753
1-Oct-95,3.664288561,11.04482426,1.434592526,6.747330793,1.443713619
1-Nov-95,2.751730228,7.572436103,6.382616549,3.224901148,6.381255727
1-Dec-95,-2.641843945,2.877200195,-1.883385825,-1.086380992,-1.895421247
1-Jan-96,3.33631659,6.375987263,4.98121835,7.808708042,4.932444066
1-Feb-96,-6.839333499,-2.374206645,-1.83610579,-6.608982281,-1.759099689
1-Mar-96,-4.860365867,-4.779551954,-4.892023483,-2.394571397,-4.959262592
1-Apr-96,3.91392916,0.367625721,6.267560849,5.778697,6.264674451
1-May-96,1.387517287,1.578727921,3.485747988,-0.363382995,3.485782672
1-Jun-96,-0.090917968,0.674044231,-1.913337325,2.062540308,-1.911565154
1-Jul-96,1.451070821,1.88764912,3.784289623,0.55116894,3.770320043
1-Aug-96,3.187335899,2.327359928,2.297722279,2.226930948,2.299079218
1-Sep-96,1.33029142,4.976636881,0.477983883,2.410117157,0.484763473
1-Oct-96,3.657727343,8.686227849,4.946223946,2.283472475,4.934337326
1-Nov-96,7.514461632,10.95607446,6.294495658,5.88028951,6.298959549
1-Dec-96,-0.347375888,7.146618632,-1.651592776,2.118176467,-1.657628748
1-Jan-97,1.683820857,6.964092729,4.474463917,5.886509383,4.432722666
1-Feb-97,0.394530763,5.423917185,5.087213857,-2.208409534,5.15364984
1-Mar-97,1.587434029,6.22592996,-1.128431565,2.202489963,-1.10635088
1-Apr-97,-2.265633557,0.315547854,-1.47944644,-1.9937275,-1.465939265
1-May-97,1.705322754,1.814281853,1.934366106,2.059788661,1.928347503
1-Jun-97,-0.259062803,0.648119453,0.202393872,-1.147882066,0.201321061
1-Jul-97,1.482161478,1.846137888,0.532926795,-0.800923234,0.539526491
1-Aug-97,3.174132507,2.242287607,0.795552184,5.53998513,0.811183434
1-Sep-97,0.945295553,4.402752606,3.677110616,3.960080577,3.663413614
1-Oct-97,-9.716944655,-5.239596375,-6.362305314,-9.907232109,-6.377413729
1-Nov-97,-4.999573394,-9.677475015,-5.609484053,-3.095194972,-5.614932174
1-Dec-97,3.016561583,-1.234020822,4.716160929,1.816860605,4.722702814
1-Jan-98,7.127085473,7.54337427,5.849355625,7.090769061,5.854482771
1-Feb-98,-4.068526449,1.235117348,-3.789263489,-1.632999096,-3.734823066
1-Mar-98,4.2105631,6.355203925,6.715513031,3.126640221,6.762364715
1-Apr-98,-0.200251659,2.573476774,-1.171500317,-2.200502151,-1.167956833
1-May-98,0.236982049,1.566823051,-1.875376437,2.112782967,-1.867075095
1-Jun-98,-0.273475207,0.507397671,1.786813104,-1.568702457,1.781246198
1-Jul-98,0.763955271,0.993315476,-0.626469958,0.82610896,-0.615103184
1-Aug-98,-7.993364889,-9.453455486,-7.881849143,-7.036385039,-7.885375885
1-Sep-98,10.44696451,7.150791206,11.09814148,6.644261472,11.09021192
1-Oct-98,7.139896549,13.46344564,3.453720884,-0.969915943,3.473457827
1-Nov-98,-1.027479727,5.144665623,-9.29806227,-1.681094953,-9.285507652
1-Dec-98,2.916638544,6.926001225,2.316533011,4.344220117,2.273806181
1-Jan-99,2.521031758,7.273968046,4.273347695,2.45761144,4.285003737
1-Feb-99,-4.891044307,0.368488157,-4.754132645,-7.389905142,-4.698124456
1-Mar-99,4.958709529,6.409574345,2.105807074,4.3770111,2.058666407
1-Apr-99,-0.293373168,2.548115701,-0.698072284,-1.023361397,-0.689721477
1-May-99,-5.190125256,-3.878473702,-5.934300074,-5.71460661,-5.928342076
1-Jun-99,1.703474361,-0.592391314,0.910214203,1.706165503,0.917630592
1-Jul-99,2.162282198,1.742286858,2.192203118,2.995281811,2.190341525
1-Aug-99,3.174132507,2.496863328,4.170115333,3.698331585,4.167154275
1-Sep-99,2.775278904,5.814285645,3.522549384,3.55210519,3.518623098
1-Oct-99,8.042164789,13.27130726,9.075563003,9.577333355,9.07927204
1-Nov-99,4.559927053,10.71851577,6.71199137,5.440872731,6.709545163
1-Dec-99,-0.546362652,6.488186833,0.787106296,-4.343986486,0.78245723
1-Jan-00,2.633962928,7.023141562,-1.33434549,3.446056252,-1.355838966
1-Feb-00,0.764764838,6.011590813,1.847893958,-2.604413285,1.891599324
1-Mar-00,1.748862114,6.18855454,-1.762622672,-2.062209146,-1.747231422
1-Apr-00,-0.293373168,2.460249642,-4.256854762,0.763897317,-4.259389817
1-May-00,0.379476709,1.824868735,1.561231231,0.63206436,1.567115202
1-Jun-00,-0.259062803,0.62642097,0.060042573,1.999247409,0.065321814
1-Jul-00,1.482161478,1.682208001,3.924237156,-1.492514649,3.911953575
1-Aug-00,3.174132507,2.410764592,0.050301266,3.504064334,0.062644061
1-Sep-00,4.693652025,7.532166157,5.23158236,3.333538544,5.229988608
1-Oct-00,6.975636052,12.83588359,5.801014352,7.222376411,5.810466099
1-Nov-00,4.547323543,10.36123191,5.285344999,5.855944479,5.291860677
1-Dec-00,-0.347375888,6.470900702,1.44664138,1.449897122,1.462039069
1-Jan-01,2.491794824,6.75979991,4.562307784,2.816909009,4.601375292
1-Feb-01,0.781357706,5.811204453,1.335506054,0.255873901,1.369486743
1-Mar-01,-6.84785086,-2.614443585,-7.294595912,-10.94643765,-7.281681152
1-Apr-01,4.585528543,2.378241321,-0.112248206,2.563177862,-0.130447137
1-May-01,0.379476709,1.764039777,-1.637486196,2.629131706,-1.640632164
1-Jun-01,-0.259062803,0.605540271,2.212059271,-1.365461388,2.205081278
1-Jul-01,1.482161478,1.626134401,0.298465832,2.540473493,0.300529555
1-Aug-01,3.174132507,2.330405773,4.396202691,3.721643656,4.390768985
1-Sep-01,4.693652025,7.281093952,5.466043323,-1.080213411,5.464959491
1-Oct-01,6.975636052,12.4080208,1.044806241,8.26364888,1.064569317
1-Nov-01,4.297121174,9.776796253,6.157205811,2.823835068,6.165071576
1-Dec-01,-0.24678466,6.22075558,-1.462872283,-1.343445276,-1.477506444
1-Jan-02,2.27829128,6.304738891,1.231778386,3.66745432,1.174943932
1-Feb-02,0.033848662,4.74173066,1.723478739,-4.869599806,1.775822139
1-Mar-02,0.170362219,3.987535135,-5.034273362,-0.341805905,-5.00714382
1-Apr-02,0.886564302,2.301523859,0.387582469,0.471589036,0.395999226
1-May-02,0.379476709,1.707135268,0.003740547,-0.385896038,0.005623061
1-Jun-02,-0.259062803,0.586006714,-1.03689979,0.414026636,-1.028277465
1-Jul-02,1.482161478,1.573678452,2.216021566,-1.135062907,2.215979342
1-Aug-02,3.174132507,2.255231393,0.435487134,-0.280261726,0.455423462
1-Sep-02,4.689062452,7.04163038,1.149046748,5.139519755,1.179807669
1-Oct-02,6.978240777,12.00776206,7.75444262,3.324035349,7.751913427
1-Nov-02,2.321751406,7.495901602,-1.143777264,-1.451658959,-1.142040155
1-Dec-02,0.915705448,6.067763358,-2.876505459,0.966863239,-2.874989239
1-Jan-03,-4.09705946,-0.244135526,-3.877113389,-5.458185018,-3.899608685
1-Feb-03,4.520737227,5.475567162,2.932481504,6.831791431,2.90993318
1-Mar-03,1.748862114,5.941995806,4.450592854,4.006699792,4.456420142
1-Apr-03,-0.842109687,1.680864719,1.734194872,0.121912517,1.74911789
1-May-03,0.670226822,1.633112381,1.724403632,0.915715349,1.726104313
1-Jun-03,-0.391337818,0.423685335,-0.073253288,1.757915257,-0.069378553
1-Jul-03,-2.588422119,-2.627811991,-0.270687503,-1.462036966,-0.278356632
1-Aug-03,-18.8967633,-22.24270703,-17.80435548,-15.66768863,-17.80924664
1-Sep-03,-24.08197522,-35.81280214,-21.56820631,-23.51238272,-21.58819378
1-Oct-03,19.05010489,-0.491952567,18.19011126,17.54852925,18.18798388
1-Nov-03,-0.30863486,-2.2426478,-1.458807254,1.643510196,-1.477306586
1-Dec-03,-4.777422755,-5.207251972,-2.700449465,-3.644859085,-2.684061528
1-Jan-04,2.178320277,-0.2559264,3.148538373,-1.393297398,3.169203177
1-Feb-04,4.531627535,5.309640884,0.715045189,4.4879144,0.662237055
1-Mar-04,0.623601165,4.636674378,0.788129339,2.088828457,0.80721856
1-Apr-04,0.341291325,2.174709887,2.007927148,1.01878163,2.014547389
1-May-04,0.381721894,1.604299037,1.169721608,0.144704891,1.174524951
1-Jun-04,-0.259062803,0.554855055,-0.467494594,0.281924905,-0.469743162
1-Jul-04,1.482161478,1.604131667,2.073670267,-0.187038719,2.069138424
1-Aug-04,2.639650244,2.324294573,0.922584781,1.563087169,0.932380784
1-Sep-04,1.644913835,4.559331952,0.640830892,1.629985711,0.651859406
1-Oct-04,7.926635616,10.69602087,8.043509179,8.549626729,8.045773917
1-Nov-04,3.561823718,8.034832985,4.705043204,3.016482558,4.708470537
1-Dec-04,-5.252053558,0.26662688,-5.517901689,-3.163688059,-5.522924949
1-Jan-05,5.442643116,6.035600087,7.563179789,4.923805804,7.584179289
1-Feb-05,-0.122314519,4.065897734,-0.413153159,-1.359123347,-0.369373232
1-Mar-05,1.669110583,4.928577144,0.406667131,2.622943485,0.340792943
1-Apr-05,0.102187705,2.114703888,1.25405931,-0.528027916,1.254786954
1-May-05,0.379476709,1.557113772,-0.247467628,-0.805513301,-0.240024044
1-Jun-05,-0.259062803,0.538535788,-1.489074505,1.781668087,-1.482107958
1-Jul-05,1.448775081,1.523564927,3.656389796,-0.68666652,3.644547876
1-Aug-05,3.019135015,2.616469922,0.798004715,2.369527967,0.815407879
1-Sep-05,3.58885989,6.573795932,3.063127158,4.200251316,3.063533792
1-Oct-05,-0.484607014,3.189565067,0.408242521,1.176370224,0.409319509
1-Nov-05,-22.15657835,-21.99474369,-20.2798961,-20.87560183,-20.27700852
1-Dec-05,-4.251348167,-15.6527172,-3.920322476,-4.436789624,-3.915863328
1-Jan-06,-0.866609335,-9.476497059,-1.566517083,1.851115556,-1.57318129
1-Feb-06,-7.696633456,-12.3303185,-5.035376127,-8.098392943,-5.012259789
1-Mar-06,10.13399994,4.013217114,9.181401598,7.76116758,9.154070361
1-Apr-06,0.028171659,1.540690207,-2.216016575,-1.326967887,-2.26970884
1-May-06,0.670957017,1.512624807,-0.751718278,-1.297746472,-0.749407902
1-Jun-06,-0.259062803,0.523149051,-2.326435088,2.255680181,-2.314267866
1-Jul-06,0.011415633,0.042675052,2.729820302,2.577241519,2.715387232
1-Aug-06,3.474112645,2.180945123,6.248042738,-1.24261936,6.235346696
1-Sep-06,4.874868375,7.467234334,-0.031326319,7.501971875,-0.005826861
1-Oct-06,6.797837627,10.99452857,9.921213083,7.011913646,9.911912832
1-Nov-06,-1.435970841,3.818107563,-0.743648546,-0.627871882,-0.731937088
1-Dec-06,-0.635701279,2.70058079,0.320047199,1.268846241,0.340035816
1-Jan-07,4.093885127,5.916539074,6.179530688,1.487382195,6.229842882
1-Feb-07,1.08435987,5.379815316,-1.494461185,-0.784589745,-1.423152524
1-Mar-07,1.748862114,5.373267808,-0.138143141,1.21702206,-0.114933911
1-Apr-07,-0.606949918,1.697910077,-1.036769851,2.890317247,-1.022619162
1-May-07,0.062926069,0.976092263,3.85850964,-4.747262321,3.857338726
1-Jun-07,0.021589931,0.508617133,-5.134939295,-2.241268435,-5.101680062
1-Jul-07,1.482161478,1.512235479,-0.940827831,-1.5313681,-0.919489873
1-Aug-07,2.677106472,2.158051104,-0.488592799,1.149843373,-0.467692738
1-Sep-07,4.975729743,7.382061517,3.487827102,2.389187787,3.497749352
1-Oct-07,2.959027988,6.919696239,0.469750173,5.715701238,0.480025182
1-Nov-07,0.991573457,4.003191828,4.235945351,-0.564759149,4.230028957
1-Dec-07,2.913285667,6.340184858,1.387933557,3.547169512,1.371875116
1-Jan-08,1.691224439,5.460983652,2.586911813,1.013259129,2.598267851
1-Feb-08,-1.129727584,2.852537477,-1.696734007,-0.632441606,-1.630952655
1-Mar-08,3.100651558,5.228044354,3.649988379,0.704113778,3.684087484
1-Apr-08,-0.464571025,1.794399508,-2.870561934,-2.888569688,-2.88099442
1-May-08,0.476636811,1.444226579,-2.101437152,3.508916681,-2.100930494
1-Jun-08,-0.259062803,0.494870724,3.05779346,1.330968064,3.046343627
1-Jul-08,1.482161478,1.47136425,3.204107054,1.009647551,3.196385444
1-Aug-08,3.174132507,2.596751434,2.746602343,2.221900474,2.751458047
1-Sep-08,4.689062452,7.177956768,3.845347825,5.240538726,3.852649575
1-Oct-08,5.567217297,9.338262004,6.452276015,4.454027519,6.44696948
1-Nov-08,4.445503008,8.830524432,3.648472677,6.077779587,3.651826091
1-Dec-08,0.117037527,6.176538767,2.23492563,1.949257281,2.245504528
1-Jan-09,-2.448988035,1.178877681,-0.330596163,0.043529611,-0.313090876
1-Feb-09,1.592584617,3.151114664,4.237671727,0.730855329,4.252957318
1-Mar-09,2.888596999,5.090464239,2.049617105,1.211796619,2.030762418
1-Apr-09,-0.293373168,1.918376326,-1.928992341,1.16020251,-1.934988453
1-May-09,0.379476709,1.406220616,1.988285128,-0.145004646,1.995860072
1-Jun-09,-0.259062803,0.481847811,-0.77731801,-0.689411352,-0.770713828
1-Jul-09,1.482161478,1.432644138,1.026969539,-0.466783561,1.02688728
1-Aug-09,2.95750576,2.311789122,0.938990488,5.509854944,0.954985797
1-Sep-09,-10.5027869,-8.325728588,-7.580701467,-8.749656209,-7.597252777
1-Oct-09,-10.68116029,-15.84747947,-9.25437661,-12.24114297,-9.260549007
1-Nov-09,15.77985263,5.784226754,13.48342831,13.33623169,13.48225688
1-Dec-09,1.765255213,6.066017572,-0.30054254,0.786857287,-0.277817825
1-Jan-10,2.521031758,6.145827107,1.652409071,3.957354622,1.613843374
1-Feb-10,0.473755854,4.787541331,2.22677344,0.733489991,2.134558901
1-Mar-10,1.892717638,4.938638399,2.2773379,2.219659334,2.256438846
1-Apr-10,-1.737924734,0.412546579,-1.239326185,0.453590923,-1.237373781
1-May-10,1.080276809,1.244274973,3.412654621,-1.584447812,3.412923932
1-Jun-10,-0.187617052,0.469492738,-2.998082537,2.154542101,-2.997813072
1-Jul-10,1.482161478,1.395909673,4.01634682,1.561366545,4.002249852
1-Aug-10,3.174132507,2.469139226,3.341128356,-3.528410172,3.347186566
1-Sep-10,4.693652025,7.207132962,-2.346530916,3.255831643,-2.30107416
1-Oct-10,6.307908115,10.24215944,5.049550357,8.334136499,5.053512459
1-Nov-10,4.493219285,8.929054652,7.115826708,2.078811829,7.109935228
1-Dec-10,-0.267275883,5.748691787,-2.497225024,-1.583881498,-2.502600858
1-Jan-11,-1.305930063,2.071193702,-2.59303983,-1.192767888,-2.889577072
1-Feb-11,2.784039663,4.752854247,2.919941368,4.391771331,2.953024717
1-Mar-11,-2.608404285,0.36229148,-0.712337938,0.190716533,-0.690514905
1-Apr-11,-7.529665809,-7.916656456,-4.588126285,-5.722127033,-4.572709329
1-May-11,-17.17559268,-21.76392958,-15.60566022,-15.34769208,-15.59989296
1-Jun-11,10.56284181,-1.832002541,11.57503263,9.460611733,11.56934585
1-Jul-11,2.768652237,1.347993904,1.798468011,-0.484309074,1.806503248
1-Aug-11,3.181520642,2.407410745,-0.210908765,1.498675325,-0.193246471
1-Sep-11,3.124261963,5.457564576,1.493428388,3.559177886,1.507002422
1-Oct-11,2.555276808,5.342796525,3.237467771,3.216872267,3.240123421
1-Nov-11,-32.44373316,-30.8609017,-31.49902781,-27.57491002,-31.49809458
1-Dec-11,13.7537821,-2.82890077,17.48297276,9.205481057,17.50404152
1-Jan-12,7.403533281,5.941664509,2.76905694,4.198244216,2.784759658
1-Feb-12,0.719359492,4.797533162,-2.40943512,2.805205793,-2.394109388
1-Mar-12,1.762532653,4.815538772,4.127077222,4.991119169,4.112567822
1-Apr-12,-0.32662355,2.011846103,3.295784366,0.163230041,3.315932851
1-May-12,0.402244127,1.869884354,0.970744625,1.68004387,0.972080711
1-Jun-12,-0.259062803,0.502438409,1.165358543,-1.62189416,1.163621046
1-Jul-12,1.482161478,1.328134031,0.022136839,0.201495784,0.030411157
1-Aug-12,1.875203413,1.049764316,0.576818242,2.702459404,0.585872459
1-Sep-12,5.430834643,6.893843307,6.440539762,6.594932281,6.436920007
1-Oct-12,6.975636052,10.52352128,8.539183458,7.06696261,8.533791914
1-Nov-12,4.547323543,9.879116813,5.117872883,5.125499614,5.116895112
1-Dec-12,-0.844401924,5.344483882,0.162496397,-2.846996354,0.170602771
1-Jan-13,2.803109475,5.800196307,0.754388001,2.865360754,0.733331432
1-Feb-13,0.581338563,4.545285252,0.860601523,0.639034757,0.87673454
1-Mar-13,1.852962224,4.712981493,2.025180744,3.642185473,1.995824965
1-Apr-13,-0.293373168,2.004061609,1.780515041,0.414216264,1.757479184
1-May-13,0.379476709,1.825363298,1.184418969,-4.201304858,1.185174799
1-Jun-13,-4.158836416,-3.409298023,-9.048113866,-5.1098212,-9.031101726
1-Jul-13,3.695404169,1.296511792,2.486625218,7.034470975,2.49303713
1-Aug-13,2.689576569,1.839143083,6.423728501,4.161799835,6.40116511
1-Sep-13,3.544244803,5.305296409,5.289169736,2.045760784,5.279693476
1-Oct-13,7.780203277,10.26913281,6.392898647,6.524313959,6.400834039
1-Nov-13,4.549496303,9.64936991,3.687970012,4.070808995,3.699458531
1-Dec-13,-0.398678332,5.665917151,-0.530590404,2.012479193,-0.531225731
1-Jan-14,2.550147488,5.665308021,5.279642196,4.133449752,5.326558818
1-Feb-14,0.764764838,4.623007219,2.676880935,2.298892144,2.741585088
1-Mar-14,1.254585115,4.109100272,3.026845607,4.196243518,3.069621196
1-Apr-14,-3.469461825,-1.499150686,-0.180685399,-2.962534214,-0.160633861
1-May-14,2.341208129,1.782912988,2.766136679,0.653028533,2.775341868
1-Jun-14,-1.466209295,-0.637384902,-3.190263741,0.722164707,-3.18286286
1-Jul-14,2.001579273,1.10068501,4.308688371,-1.439413997,4.295305574
1-Aug-14,3.268158413,2.280928252,-0.349522361,1.567796755,-0.317496699
1-Sep-14,4.693652025,6.606325194,3.046071238,5.447166241,3.05409512
1-Oct-14,6.765133486,9.82364164,7.868132571,6.623339342,7.868098707
1-Nov-14,4.66679029,9.430066048,4.975737669,7.48020178,4.988360109
1-Dec-14,-0.45365926,5.482165379,2.964837539,-0.707848426,2.983694005
1-Jan-15,2.581350873,5.53655102,2.435984041,1.016812362,2.455095741
1-Feb-15,0.764764838,4.517938873,-0.714429426,3.06041977,-0.677835972
1-Mar-15,1.748862114,4.509988629,4.341735978,1.823135885,4.370804898
1-Apr-15,-0.293373168,1.991527131,-0.070051847,0.297655913,-0.061630913
1-May-15,-0.448900017,0.914015513,0.230438155,0.914896313,0.232335129
1-Jun-15,0.211066727,0.584247611,1.686695765,1.914711743,1.679836543
1-Jul-15,0.607563445,0.366746754,2.463486714,1.409442687,2.452625122
1-Aug-15,-4.962373177,-6.403778268,-4.059816183,-4.931271749,-4.061565869
1-Sep-15,-7.292700735,-10.4295917,-7.490850709,-6.790744239,-7.48505266
1-Oct-15,-5.493288175,-12.2412455,-5.374766792,-4.524749272,-5.378300998
1-Nov-15,-14.96067428,-22.80275496,-14.29829338,-17.97033467,-14.30169367
1-Dec-15,7.758476834,-4.601721694,3.625410358,10.1205648,3.649838497
1-Jan-16,4.891136708,2.069523151,7.519588907,3.82714272,7.58279332
1-Feb-16,2.662584991,4.417540231,1.69653961,0.602244963,1.715863776
1-Mar-16,1.748862114,4.40976666,-0.305615257,2.600204891,-0.290986684
1-Apr-16,-0.293373168,1.947270973,0.767308736,-0.627056204,0.770266115
1-May-16,0.048126018,1.390730092,-0.268994903,0.168611939,-0.26807353
1-Jun-16,-2.296583129,-1.654307807,-2.13618984,-5.093508213,-2.13275804
1-Jul-16,2.745242814,1.233194859,-0.365415261,3.689284523,-0.341651903
1-Aug-16,3.174132507,2.371395157,4.304093027,5.438966159,4.299324371
1-Sep-16,2.372073334,4.366371453,4.99503152,4.322273819,4.979303153
1-Oct-16,-14.73892955,-12.94922634,-12.46102556,-14.39012224,-12.46543302
1-Nov-16,14.1327211,6.230167199,13.87585805,14.50617368,13.87402418
1-Dec-16,-23.12301477,-19.1874225,-22.18776076,-19.61466565,-22.19076084
1-Jan-17,-21.88847181,-33.08968773,-19.14778279,-20.64806691,-19.10074982
1-Feb-17,18.66981569,0.400325902,18.6578962,18.73506438,18.64400818
1-Mar-17,3.974254075,4.313902167,4.506201413,3.881238317,4.534354927
1-Apr-17,-4.534624705,-2.336312542,-4.436907472,-3.943595624,-4.416335771
1-May-17,2.786518731,1.69184752,3.256440651,3.481560544,3.254867259
1-Jun-17,-0.376329353,0.489960994,0.478686796,-1.133046885,0.479729201
1-Jul-17,0.888599533,0.54627192,0.07592599,-2.988993744,0.087472275
1-Aug-17,3.287840437,2.058915612,-0.839922921,2.48248216,-0.808961072
1-Sep-17,4.747495269,6.49878782,4.05836919,4.580692381,4.065916233
1-Oct-17,3.938121249,7.273412606,4.048381588,2.784918178,4.047743288
1-Nov-17,5.149933496,8.432035975,4.228084548,3.900861912,4.241674958
1-Dec-17,0.30620899,5.974903313,-0.669684891,-0.242623887,-0.667634551
1-Jan-18,-3.523106879,0.028424192,-3.964675668,-6.352892859,-3.947779357
1-Feb-18,4.195001304,4.312989176,1.052473592,6.762142941,1.106318767
1-Mar-18,1.73229458,4.20554948,4.701980706,2.164020093,4.715111382
1-Apr-18,-0.283970578,1.954647773,0.323718572,0.594359698,0.309904781
1-May-18,0.379476709,1.655850764,1.368638297,1.719960969,1.379660883
1-Jun-18,-0.274492792,0.581372852,1.2169174,2.224708812,1.218551689
1-Jul-18,-7.700129368,-7.996284376,-4.999233782,-4.396287547,-5.012142798
1-Aug-18,-37.48437633,-43.59867768,-34.29615171,-35.0120803,-34.316951
1-Sep-18,-4.568638272,-28.8428589,-3.859100866,-3.608234225,-3.873509597
1-Oct-18,-47.65749685,-64.45596782,-47.43487325,-45.51289041,-47.43866591
1-Nov-18,-30.00760517,-67.52199472,-30.41907494,-27.41922041,-30.41860126
1-Dec-18,34.05551195,-3.40684646,34.47100211,30.58364524,34.48922263
1-Jan-19,7.516841412,5.813990477,4.524783599,6.113659386,4.548560733
1-Feb-19,0.78175421,4.093712839,-0.408728286,2.483499152,-0.403860514
1-Mar-19,1.804019706,4.116207762,3.75410916,0.384646619,3.79628588
1-Apr-19,-0.997729533,1.199187371,-2.383043799,0.525545687,-2.366890666
1-May-19,0.785113056,1.621353873,2.433992959,0.04934703,2.437296092
1-Jun-19,-0.259062803,0.584690907,-0.995031761,1.602942216,-0.997985681
1-Jul-19,1.306039909,1.185231157,3.321061689,3.366770941,3.31632626
1-Aug-19,3.256933961,3.167189149,5.550503109,4.214013159,5.53776888
1-Sep-19,1.156742665,3.509005613,2.372088125,1.132965963,2.368721017
1-Oct-19,7.732473341,10.29649792,7.822992557,5.982886781,7.825631577
1-Nov-19,4.730974692,10.25683263,3.305205086,5.261818939,3.319314006
1-Dec-19,-0.047058771,5.91995364,0.900217088,0.98961139,0.908247659
1-Jan-20,-2.467141433,0.965144601,-1.208868239,-0.541265095,-1.167978527
1-Feb-20,3.429533903,3.973415873,5.463792362,-2.249906738,5.542893765
1-Mar-20,1.843171137,4.050497161,-4.09649076,2.272746818,-4.068362285
1-Apr-20,-6.714310414,-4.531484513,-6.105803225,-4.172838127,-6.095733783
1-May-20,3.273133371,0.837840297,5.737206082,5.587362406,5.738956216
1-Jun-20,-1.950023988,-1.54409209,0.643143588,-2.84078097,0.63072234
1-Jul-20,2.169845725,0.823470136,1.124462927,4.52955958,1.134291592
1-Aug-20,-1.564370764,-1.910335045,1.064221825,-2.360064081,1.047022513
1-Sep-20,-0.225880889,-0.790199809,-1.14211334,0.812239639,-1.129301982
1-Oct-20,10.8829013,10.83750286,11.97885151,9.498238704,11.9766459
1-Nov-20,-0.337710488,5.409304692,-1.274217174,3.171254993,-1.264554676
1-Dec-20,-3.123716055,0.09019599,0.793054281,-2.046086559,0.811991757
1-Jan-21,2.997495934,3.169105632,4.082621671,1.764519218,4.117291355
1-Feb-21,-4.748355967,-3.022170962,-5.928643029,-4.555474829,-5.92189817
1-Mar-21,5.768283278,3.969487217,5.784082344,6.489147429,5.797222376
1-Apr-21,-4.376587479,-2.103131888,-3.357773604,-3.264922163,-3.3496815
1-May-21,2.499649696,1.374330214,3.538406461,0.45368248,3.53177294
1-Jun-21,-0.147158162,0.603640281,-2.257760742,-1.380438723,-2.257791541
1-Jul-21,-1.334319391,-1.495785936,-2.651992731,-3.25218167,-2.633445769
1-Aug-21,4.772572908,3.157912346,2.648485356,2.626070624,2.665626882
1-Sep-21,4.314301506,6.620490956,2.222919611,6.559788214,2.235174245
1-Oct-21,-7.527452566,-3.592773066,-4.835451992,-6.205494029,-4.844194968
1-Nov-21,-10.29280959,-12.71847675,-9.117592496,-9.221227729,-9.117314597
1-Dec-21,10.32189437,3.306153735,10.92047781,10.86331605,10.92909417
1-Jan-22,3.023537626,4.959167644,3.940971354,3.541741155,3.967579886
1-Feb-22,1.129310742,3.965935809,1.882671351,-1.358045926,1.946011898
1-Mar-22,-9.94929034,-7.893582671,-12.50538692,-6.729872235,-12.47783705
1-Apr-22,5.409000671,1.035206089,8.441723898,4.674187357,8.459091173
1-May-22,0.914010731,1.519444129,0.280243997,2.630271918,0.28089955
1-Jun-22,-1.31167448,-0.475061836,0.597175853,0.503381461,0.593249393
1-Jul-22,-23.86823863,-24.60585566,-21.95613612,-20.40704429,-21.96289292
1-Aug-22,-43.06035136,-57.86925956,-40.51568861,-41.34112326,-40.53879174
1-Sep-22,21.38450239,-11.03879643,20.77114982,17.81363178,20.76189709
1-Oct-22,16.3947118,10.45131679,12.80345321,17.10912387,12.81896952
1-Nov-22,NaN,NaN,NaN,NaN,NaN
1-Dec-22,NaN,NaN,NaN,NaN,NaN
